"MSN","YYYY","MM","Value","Column_Order","Description","Unit"
"TETCBUS","1949","13","31.967775","1","Total Primary Energy Consumption","Quadrillion Btu"
"TETCBUS","1950","13","34.598567","1","Total Primary Energy Consumption","Quadrillion Btu"
"TETCBUS","1951","13","36.953661","1","Total Primary Energy Consumption","Quadrillion Btu"
"TETCBUS","1952","13","36.726037","1","Total Primary Energy Consumption","Quadrillion Btu"
"TETCBUS","1953","13","37.640598","1","Total Primary Energy Consumption","Quadrillion Btu"
"TETCBUS","1954","13","36.61354","1","Total Primary Energy Consumption","Quadrillion Btu"
"TETCBUS","1955","13","40.178285","1","Total Primary Energy Consumption","Quadrillion Btu"
"TETCBUS","1956","13","41.721757","1","Total Primary Energy Consumption","Quadrillion Btu"
"TETCBUS","1957","13","41.753909","1","Total Primary Energy Consumption","Quadrillion Btu"
"TETCBUS","1958","13","41.60928","1","Total Primary Energy Consumption","Quadrillion Btu"
"TETCBUS","1959","13","43.422965","1","Total Primary Energy Consumption","Quadrillion Btu"
"TETCBUS","1960","13","45.040732","1","Total Primary Energy Consumption","Quadrillion Btu"
"TETCBUS","1961","13","45.690782","1","Total Primary Energy Consumption","Quadrillion Btu"
"TETCBUS","1962","13","47.775047","1","Total Primary Energy Consumption","Quadrillion Btu"
"TETCBUS","1963","13","49.588632","1","Total Primary Energy Consumption","Quadrillion Btu"
"TETCBUS","1964","13","51.755425","1","Total Primary Energy Consumption","Quadrillion Btu"
"TETCBUS","1965","13","53.953222","1","Total Primary Energy Consumption","Quadrillion Btu"
"TETCBUS","1966","13","56.949167","1","Total Primary Energy Consumption","Quadrillion Btu"
"TETCBUS","1967","13","58.89482","1","Total Primary Energy Consumption","Quadrillion Btu"
"TETCBUS","1968","13","62.40148","1","Total Primary Energy Consumption","Quadrillion Btu"
"TETCBUS","1969","13","65.596259","1","Total Primary Energy Consumption","Quadrillion Btu"
"TETCBUS","1970","13","67.816828","1","Total Primary Energy Consumption","Quadrillion Btu"
"TETCBUS","1971","13","69.260271","1","Total Primary Energy Consumption","Quadrillion Btu"
"TETCBUS","1972","13","72.660036","1","Total Primary Energy Consumption","Quadrillion Btu"
"TETCBUS","1973","13","75.65228","1","Total Primary Energy Consumption","Quadrillion Btu"
"TETCBUS","1974","13","73.929322","1","Total Primary Energy Consumption","Quadrillion Btu"
"TETCBUS","1975","13","71.931011","1","Total Primary Energy Consumption","Quadrillion Btu"
"TETCBUS","1976","13","75.939029","1","Total Primary Energy Consumption","Quadrillion Btu"
"TETCBUS","1977","13","77.919991","1","Total Primary Energy Consumption","Quadrillion Btu"
"TETCBUS","1978","13","79.906703","1","Total Primary Energy Consumption","Quadrillion Btu"
"TETCBUS","1979","13","80.811788","1","Total Primary Energy Consumption","Quadrillion Btu"
"TETCBUS","1980","13","78.021113","1","Total Primary Energy Consumption","Quadrillion Btu"
"TETCBUS","1981","13","76.057187","1","Total Primary Energy Consumption","Quadrillion Btu"
"TETCBUS","1982","13","73.046189","1","Total Primary Energy Consumption","Quadrillion Btu"
"TETCBUS","1983","13","72.915394","1","Total Primary Energy Consumption","Quadrillion Btu"
"TETCBUS","1984","13","76.570697","1","Total Primary Energy Consumption","Quadrillion Btu"
"TETCBUS","1985","13","76.334135","1","Total Primary Energy Consumption","Quadrillion Btu"
"TETCBUS","1986","13","76.598888","1","Total Primary Energy Consumption","Quadrillion Btu"
"TETCBUS","1987","13","79.008203","1","Total Primary Energy Consumption","Quadrillion Btu"
"TETCBUS","1988","13","82.659169","1","Total Primary Energy Consumption","Quadrillion Btu"
"TETCBUS","1989","13","84.74001","1","Total Primary Energy Consumption","Quadrillion Btu"
"TETCBUS","1990","13","84.432879","1","Total Primary Energy Consumption","Quadrillion Btu"
"TETCBUS","1991","13","84.380321","1","Total Primary Energy Consumption","Quadrillion Btu"
"TETCBUS","1992","13","85.724908","1","Total Primary Energy Consumption","Quadrillion Btu"
"TETCBUS","1993","13","87.265913","1","Total Primary Energy Consumption","Quadrillion Btu"
"TETCBUS","1994","13","88.983262","1","Total Primary Energy Consumption","Quadrillion Btu"
"TETCBUS","1995","13","90.930736","1","Total Primary Energy Consumption","Quadrillion Btu"
"TETCBUS","1996","13","93.934548","1","Total Primary Energy Consumption","Quadrillion Btu"
"TETCBUS","1997","13","94.507041","1","Total Primary Energy Consumption","Quadrillion Btu"
"TETCBUS","1998","13","94.920236","1","Total Primary Energy Consumption","Quadrillion Btu"
"TETCBUS","1999","13","96.544579","1","Total Primary Energy Consumption","Quadrillion Btu"
"TETCBUS","2000","13","98.702286","1","Total Primary Energy Consumption","Quadrillion Btu"
"TETCBUS","2001","13","96.063809","1","Total Primary Energy Consumption","Quadrillion Btu"
"TETCBUS","2002","13","97.535479","1","Total Primary Energy Consumption","Quadrillion Btu"
"TETCBUS","2003","13","97.834875","1","Total Primary Energy Consumption","Quadrillion Btu"
"TETCBUS","2004","13","100.002493","1","Total Primary Energy Consumption","Quadrillion Btu"
"TETCBUS","2005","13","100.101764","1","Total Primary Energy Consumption","Quadrillion Btu"
"TETCBUS","2006","13","99.391812","1","Total Primary Energy Consumption","Quadrillion Btu"
"TETCBUS","2007","13","100.893746","1","Total Primary Energy Consumption","Quadrillion Btu"
"TETCBUS","2008","13","98.754323","1","Total Primary Energy Consumption","Quadrillion Btu"
"TETCBUS","2009","13","93.94303","1","Total Primary Energy Consumption","Quadrillion Btu"
"TETCBUS","2010","13","97.514231","1","Total Primary Energy Consumption","Quadrillion Btu"
"TETCBUS","2011","13","96.872144","1","Total Primary Energy Consumption","Quadrillion Btu"
"TETCBUS","2012","13","94.386512","1","Total Primary Energy Consumption","Quadrillion Btu"
"TETCBUS","2013","13","97.129957","1","Total Primary Energy Consumption","Quadrillion Btu"
"TETCBUS","2014","13","98.297401","1","Total Primary Energy Consumption","Quadrillion Btu"
"TETCBUS","2015","13","97.406618","1","Total Primary Energy Consumption","Quadrillion Btu"
"TETCBUS","2016","13","97.383603","1","Total Primary Energy Consumption","Quadrillion Btu"
"TETCBUS","2017","13","97.659855","1","Total Primary Energy Consumption","Quadrillion Btu"
"TETCBUS","2018","13","101.244289","1","Total Primary Energy Consumption","Quadrillion Btu"
"TETCBUS","2019","13","100.482331","1","Total Primary Energy Consumption","Quadrillion Btu"
"TETCBUS","2020","13","93.012185","1","Total Primary Energy Consumption","Quadrillion Btu"
"TETCBUS","2021","13","97.906955","1","Total Primary Energy Consumption","Quadrillion Btu"
"TETPRUS","1949","13","214","2","Total Primary Energy Consumption per Capita","Million Btu"
"TETPRUS","1950","13","227","2","Total Primary Energy Consumption per Capita","Million Btu"
"TETPRUS","1951","13","239","2","Total Primary Energy Consumption per Capita","Million Btu"
"TETPRUS","1952","13","233","2","Total Primary Energy Consumption per Capita","Million Btu"
"TETPRUS","1953","13","235","2","Total Primary Energy Consumption per Capita","Million Btu"
"TETPRUS","1954","13","225","2","Total Primary Energy Consumption per Capita","Million Btu"
"TETPRUS","1955","13","242","2","Total Primary Energy Consumption per Capita","Million Btu"
"TETPRUS","1956","13","247","2","Total Primary Energy Consumption per Capita","Million Btu"
"TETPRUS","1957","13","243","2","Total Primary Energy Consumption per Capita","Million Btu"
"TETPRUS","1958","13","238","2","Total Primary Energy Consumption per Capita","Million Btu"
"TETPRUS","1959","13","244","2","Total Primary Energy Consumption per Capita","Million Btu"
"TETPRUS","1960","13","249","2","Total Primary Energy Consumption per Capita","Million Btu"
"TETPRUS","1961","13","249","2","Total Primary Energy Consumption per Capita","Million Btu"
"TETPRUS","1962","13","256","2","Total Primary Energy Consumption per Capita","Million Btu"
"TETPRUS","1963","13","262","2","Total Primary Energy Consumption per Capita","Million Btu"
"TETPRUS","1964","13","270","2","Total Primary Energy Consumption per Capita","Million Btu"
"TETPRUS","1965","13","278","2","Total Primary Energy Consumption per Capita","Million Btu"
"TETPRUS","1966","13","290","2","Total Primary Energy Consumption per Capita","Million Btu"
"TETPRUS","1967","13","296","2","Total Primary Energy Consumption per Capita","Million Btu"
"TETPRUS","1968","13","311","2","Total Primary Energy Consumption per Capita","Million Btu"
"TETPRUS","1969","13","324","2","Total Primary Energy Consumption per Capita","Million Btu"
"TETPRUS","1970","13","331","2","Total Primary Energy Consumption per Capita","Million Btu"
"TETPRUS","1971","13","334","2","Total Primary Energy Consumption per Capita","Million Btu"
"TETPRUS","1972","13","346","2","Total Primary Energy Consumption per Capita","Million Btu"
"TETPRUS","1973","13","357","2","Total Primary Energy Consumption per Capita","Million Btu"
"TETPRUS","1974","13","346","2","Total Primary Energy Consumption per Capita","Million Btu"
"TETPRUS","1975","13","333","2","Total Primary Energy Consumption per Capita","Million Btu"
"TETPRUS","1976","13","348","2","Total Primary Energy Consumption per Capita","Million Btu"
"TETPRUS","1977","13","354","2","Total Primary Energy Consumption per Capita","Million Btu"
"TETPRUS","1978","13","359","2","Total Primary Energy Consumption per Capita","Million Btu"
"TETPRUS","1979","13","359","2","Total Primary Energy Consumption per Capita","Million Btu"
"TETPRUS","1980","13","343","2","Total Primary Energy Consumption per Capita","Million Btu"
"TETPRUS","1981","13","331","2","Total Primary Energy Consumption per Capita","Million Btu"
"TETPRUS","1982","13","315","2","Total Primary Energy Consumption per Capita","Million Btu"
"TETPRUS","1983","13","312","2","Total Primary Energy Consumption per Capita","Million Btu"
"TETPRUS","1984","13","325","2","Total Primary Energy Consumption per Capita","Million Btu"
"TETPRUS","1985","13","321","2","Total Primary Energy Consumption per Capita","Million Btu"
"TETPRUS","1986","13","319","2","Total Primary Energy Consumption per Capita","Million Btu"
"TETPRUS","1987","13","326","2","Total Primary Energy Consumption per Capita","Million Btu"
"TETPRUS","1988","13","338","2","Total Primary Energy Consumption per Capita","Million Btu"
"TETPRUS","1989","13","343","2","Total Primary Energy Consumption per Capita","Million Btu"
"TETPRUS","1990","13","338","2","Total Primary Energy Consumption per Capita","Million Btu"
"TETPRUS","1991","13","334","2","Total Primary Energy Consumption per Capita","Million Btu"
"TETPRUS","1992","13","334","2","Total Primary Energy Consumption per Capita","Million Btu"
"TETPRUS","1993","13","336","2","Total Primary Energy Consumption per Capita","Million Btu"
"TETPRUS","1994","13","338","2","Total Primary Energy Consumption per Capita","Million Btu"
"TETPRUS","1995","13","341","2","Total Primary Energy Consumption per Capita","Million Btu"
"TETPRUS","1996","13","349","2","Total Primary Energy Consumption per Capita","Million Btu"
"TETPRUS","1997","13","347","2","Total Primary Energy Consumption per Capita","Million Btu"
"TETPRUS","1998","13","344","2","Total Primary Energy Consumption per Capita","Million Btu"
"TETPRUS","1999","13","346","2","Total Primary Energy Consumption per Capita","Million Btu"
"TETPRUS","2000","13","350","2","Total Primary Energy Consumption per Capita","Million Btu"
"TETPRUS","2001","13","337","2","Total Primary Energy Consumption per Capita","Million Btu"
"TETPRUS","2002","13","339","2","Total Primary Energy Consumption per Capita","Million Btu"
"TETPRUS","2003","13","337","2","Total Primary Energy Consumption per Capita","Million Btu"
"TETPRUS","2004","13","342","2","Total Primary Energy Consumption per Capita","Million Btu"
"TETPRUS","2005","13","339","2","Total Primary Energy Consumption per Capita","Million Btu"
"TETPRUS","2006","13","333","2","Total Primary Energy Consumption per Capita","Million Btu"
"TETPRUS","2007","13","335","2","Total Primary Energy Consumption per Capita","Million Btu"
"TETPRUS","2008","13","325","2","Total Primary Energy Consumption per Capita","Million Btu"
"TETPRUS","2009","13","306","2","Total Primary Energy Consumption per Capita","Million Btu"
"TETPRUS","2010","13","315","2","Total Primary Energy Consumption per Capita","Million Btu"
"TETPRUS","2011","13","311","2","Total Primary Energy Consumption per Capita","Million Btu"
"TETPRUS","2012","13","301","2","Total Primary Energy Consumption per Capita","Million Btu"
"TETPRUS","2013","13","307","2","Total Primary Energy Consumption per Capita","Million Btu"
"TETPRUS","2014","13","309","2","Total Primary Energy Consumption per Capita","Million Btu"
"TETPRUS","2015","13","304","2","Total Primary Energy Consumption per Capita","Million Btu"
"TETPRUS","2016","13","302","2","Total Primary Energy Consumption per Capita","Million Btu"
"TETPRUS","2017","13","301","2","Total Primary Energy Consumption per Capita","Million Btu"
"TETPRUS","2018","13","310","2","Total Primary Energy Consumption per Capita","Million Btu"
"TETPRUS","2019","13","306","2","Total Primary Energy Consumption per Capita","Million Btu"
"TETPRUS","2020","13","281","2","Total Primary Energy Consumption per Capita","Million Btu"
"TETPRUS","2021","13","295","2","Total Primary Energy Consumption per Capita","Million Btu"
"TETGRUS","1949","13","15.16","3","Total Primary Energy Consumption per Real Dollar of GDP","Thousand Btu per Chained (2012) Dollar"
"TETGRUS","1950","13","15.1","3","Total Primary Energy Consumption per Real Dollar of GDP","Thousand Btu per Chained (2012) Dollar"
"TETGRUS","1951","13","14.93","3","Total Primary Energy Consumption per Real Dollar of GDP","Thousand Btu per Chained (2012) Dollar"
"TETGRUS","1952","13","14.25","3","Total Primary Energy Consumption per Real Dollar of GDP","Thousand Btu per Chained (2012) Dollar"
"TETGRUS","1953","13","13.95","3","Total Primary Energy Consumption per Real Dollar of GDP","Thousand Btu per Chained (2012) Dollar"
"TETGRUS","1954","13","13.65","3","Total Primary Energy Consumption per Real Dollar of GDP","Thousand Btu per Chained (2012) Dollar"
"TETGRUS","1955","13","13.98","3","Total Primary Energy Consumption per Real Dollar of GDP","Thousand Btu per Chained (2012) Dollar"
"TETGRUS","1956","13","14.22","3","Total Primary Energy Consumption per Real Dollar of GDP","Thousand Btu per Chained (2012) Dollar"
"TETGRUS","1957","13","13.94","3","Total Primary Energy Consumption per Real Dollar of GDP","Thousand Btu per Chained (2012) Dollar"
"TETGRUS","1958","13","13.99","3","Total Primary Energy Consumption per Real Dollar of GDP","Thousand Btu per Chained (2012) Dollar"
"TETGRUS","1959","13","13.65","3","Total Primary Energy Consumption per Real Dollar of GDP","Thousand Btu per Chained (2012) Dollar"
"TETGRUS","1960","13","13.81","3","Total Primary Energy Consumption per Real Dollar of GDP","Thousand Btu per Chained (2012) Dollar"
"TETGRUS","1961","13","13.66","3","Total Primary Energy Consumption per Real Dollar of GDP","Thousand Btu per Chained (2012) Dollar"
"TETGRUS","1962","13","13.46","3","Total Primary Energy Consumption per Real Dollar of GDP","Thousand Btu per Chained (2012) Dollar"
"TETGRUS","1963","13","13.38","3","Total Primary Energy Consumption per Real Dollar of GDP","Thousand Btu per Chained (2012) Dollar"
"TETGRUS","1964","13","13.21","3","Total Primary Energy Consumption per Real Dollar of GDP","Thousand Btu per Chained (2012) Dollar"
"TETGRUS","1965","13","12.93","3","Total Primary Energy Consumption per Real Dollar of GDP","Thousand Btu per Chained (2012) Dollar"
"TETGRUS","1966","13","12.8","3","Total Primary Energy Consumption per Real Dollar of GDP","Thousand Btu per Chained (2012) Dollar"
"TETGRUS","1967","13","12.89","3","Total Primary Energy Consumption per Real Dollar of GDP","Thousand Btu per Chained (2012) Dollar"
"TETGRUS","1968","13","13.01","3","Total Primary Energy Consumption per Real Dollar of GDP","Thousand Btu per Chained (2012) Dollar"
"TETGRUS","1969","13","13.26","3","Total Primary Energy Consumption per Real Dollar of GDP","Thousand Btu per Chained (2012) Dollar"
"TETGRUS","1970","13","13.69","3","Total Primary Energy Consumption per Real Dollar of GDP","Thousand Btu per Chained (2012) Dollar"
"TETGRUS","1971","13","13.53","3","Total Primary Energy Consumption per Real Dollar of GDP","Thousand Btu per Chained (2012) Dollar"
"TETGRUS","1972","13","13.49","3","Total Primary Energy Consumption per Real Dollar of GDP","Thousand Btu per Chained (2012) Dollar"
"TETGRUS","1973","13","13.29","3","Total Primary Energy Consumption per Real Dollar of GDP","Thousand Btu per Chained (2012) Dollar"
"TETGRUS","1974","13","13.06","3","Total Primary Energy Consumption per Real Dollar of GDP","Thousand Btu per Chained (2012) Dollar"
"TETGRUS","1975","13","12.73","3","Total Primary Energy Consumption per Real Dollar of GDP","Thousand Btu per Chained (2012) Dollar"
"TETGRUS","1976","13","12.76","3","Total Primary Energy Consumption per Real Dollar of GDP","Thousand Btu per Chained (2012) Dollar"
"TETGRUS","1977","13","12.51","3","Total Primary Energy Consumption per Real Dollar of GDP","Thousand Btu per Chained (2012) Dollar"
"TETGRUS","1978","13","12.16","3","Total Primary Energy Consumption per Real Dollar of GDP","Thousand Btu per Chained (2012) Dollar"
"TETGRUS","1979","13","11.92","3","Total Primary Energy Consumption per Real Dollar of GDP","Thousand Btu per Chained (2012) Dollar"
"TETGRUS","1980","13","11.54","3","Total Primary Energy Consumption per Real Dollar of GDP","Thousand Btu per Chained (2012) Dollar"
"TETGRUS","1981","13","10.97","3","Total Primary Energy Consumption per Real Dollar of GDP","Thousand Btu per Chained (2012) Dollar"
"TETGRUS","1982","13","10.73","3","Total Primary Energy Consumption per Real Dollar of GDP","Thousand Btu per Chained (2012) Dollar"
"TETGRUS","1983","13","10.24","3","Total Primary Energy Consumption per Real Dollar of GDP","Thousand Btu per Chained (2012) Dollar"
"TETGRUS","1984","13","10.03","3","Total Primary Energy Consumption per Real Dollar of GDP","Thousand Btu per Chained (2012) Dollar"
"TETGRUS","1985","13","9.59","3","Total Primary Energy Consumption per Real Dollar of GDP","Thousand Btu per Chained (2012) Dollar"
"TETGRUS","1986","13","9.31","3","Total Primary Energy Consumption per Real Dollar of GDP","Thousand Btu per Chained (2012) Dollar"
"TETGRUS","1987","13","9.28","3","Total Primary Energy Consumption per Real Dollar of GDP","Thousand Btu per Chained (2012) Dollar"
"TETGRUS","1988","13","9.32","3","Total Primary Energy Consumption per Real Dollar of GDP","Thousand Btu per Chained (2012) Dollar"
"TETGRUS","1989","13","9.21","3","Total Primary Energy Consumption per Real Dollar of GDP","Thousand Btu per Chained (2012) Dollar"
"TETGRUS","1990","13","9.01","3","Total Primary Energy Consumption per Real Dollar of GDP","Thousand Btu per Chained (2012) Dollar"
"TETGRUS","1991","13","9.01","3","Total Primary Energy Consumption per Real Dollar of GDP","Thousand Btu per Chained (2012) Dollar"
"TETGRUS","1992","13","8.85","3","Total Primary Energy Consumption per Real Dollar of GDP","Thousand Btu per Chained (2012) Dollar"
"TETGRUS","1993","13","8.76","3","Total Primary Energy Consumption per Real Dollar of GDP","Thousand Btu per Chained (2012) Dollar"
"TETGRUS","1994","13","8.59","3","Total Primary Energy Consumption per Real Dollar of GDP","Thousand Btu per Chained (2012) Dollar"
"TETGRUS","1995","13","8.55","3","Total Primary Energy Consumption per Real Dollar of GDP","Thousand Btu per Chained (2012) Dollar"
"TETGRUS","1996","13","8.51","3","Total Primary Energy Consumption per Real Dollar of GDP","Thousand Btu per Chained (2012) Dollar"
"TETGRUS","1997","13","8.2","3","Total Primary Energy Consumption per Real Dollar of GDP","Thousand Btu per Chained (2012) Dollar"
"TETGRUS","1998","13","7.88","3","Total Primary Energy Consumption per Real Dollar of GDP","Thousand Btu per Chained (2012) Dollar"
"TETGRUS","1999","13","7.65","3","Total Primary Energy Consumption per Real Dollar of GDP","Thousand Btu per Chained (2012) Dollar"
"TETGRUS","2000","13","7.51","3","Total Primary Energy Consumption per Real Dollar of GDP","Thousand Btu per Chained (2012) Dollar"
"TETGRUS","2001","13","7.24","3","Total Primary Energy Consumption per Real Dollar of GDP","Thousand Btu per Chained (2012) Dollar"
"TETGRUS","2002","13","7.23","3","Total Primary Energy Consumption per Real Dollar of GDP","Thousand Btu per Chained (2012) Dollar"
"TETGRUS","2003","13","7.06","3","Total Primary Energy Consumption per Real Dollar of GDP","Thousand Btu per Chained (2012) Dollar"
"TETGRUS","2004","13","6.94","3","Total Primary Energy Consumption per Real Dollar of GDP","Thousand Btu per Chained (2012) Dollar"
"TETGRUS","2005","13","6.72","3","Total Primary Energy Consumption per Real Dollar of GDP","Thousand Btu per Chained (2012) Dollar"
"TETGRUS","2006","13","6.49","3","Total Primary Energy Consumption per Real Dollar of GDP","Thousand Btu per Chained (2012) Dollar"
"TETGRUS","2007","13","6.46","3","Total Primary Energy Consumption per Real Dollar of GDP","Thousand Btu per Chained (2012) Dollar"
"TETGRUS","2008","13","6.31","3","Total Primary Energy Consumption per Real Dollar of GDP","Thousand Btu per Chained (2012) Dollar"
"TETGRUS","2009","13","6.17","3","Total Primary Energy Consumption per Real Dollar of GDP","Thousand Btu per Chained (2012) Dollar"
"TETGRUS","2010","13","6.23","3","Total Primary Energy Consumption per Real Dollar of GDP","Thousand Btu per Chained (2012) Dollar"
"TETGRUS","2011","13","6.1","3","Total Primary Energy Consumption per Real Dollar of GDP","Thousand Btu per Chained (2012) Dollar"
"TETGRUS","2012","13","5.81","3","Total Primary Energy Consumption per Real Dollar of GDP","Thousand Btu per Chained (2012) Dollar"
"TETGRUS","2013","13","5.87","3","Total Primary Energy Consumption per Real Dollar of GDP","Thousand Btu per Chained (2012) Dollar"
"TETGRUS","2014","13","5.81","3","Total Primary Energy Consumption per Real Dollar of GDP","Thousand Btu per Chained (2012) Dollar"
"TETGRUS","2015","13","5.6","3","Total Primary Energy Consumption per Real Dollar of GDP","Thousand Btu per Chained (2012) Dollar"
"TETGRUS","2016","13","5.51","3","Total Primary Energy Consumption per Real Dollar of GDP","Thousand Btu per Chained (2012) Dollar"
"TETGRUS","2017","13","5.4","3","Total Primary Energy Consumption per Real Dollar of GDP","Thousand Btu per Chained (2012) Dollar"
"TETGRUS","2018","13","5.44","3","Total Primary Energy Consumption per Real Dollar of GDP","Thousand Btu per Chained (2012) Dollar"
"TETGRUS","2019","13","5.28","3","Total Primary Energy Consumption per Real Dollar of GDP","Thousand Btu per Chained (2012) Dollar"
"TETGRUS","2020","13","5.06","3","Total Primary Energy Consumption per Real Dollar of GDP","Thousand Btu per Chained (2012) Dollar"
"TETGRUS","2021","13","5.04","3","Total Primary Energy Consumption per Real Dollar of GDP","Thousand Btu per Chained (2012) Dollar"
"TETCVUS","1949","13","Not Available","4","Energy Expenditures","Million Nominal Dollars"
"TETCVUS","1950","13","Not Available","4","Energy Expenditures","Million Nominal Dollars"
"TETCVUS","1951","13","Not Available","4","Energy Expenditures","Million Nominal Dollars"
"TETCVUS","1952","13","Not Available","4","Energy Expenditures","Million Nominal Dollars"
"TETCVUS","1953","13","Not Available","4","Energy Expenditures","Million Nominal Dollars"
"TETCVUS","1954","13","Not Available","4","Energy Expenditures","Million Nominal Dollars"
"TETCVUS","1955","13","Not Available","4","Energy Expenditures","Million Nominal Dollars"
"TETCVUS","1956","13","Not Available","4","Energy Expenditures","Million Nominal Dollars"
"TETCVUS","1957","13","Not Available","4","Energy Expenditures","Million Nominal Dollars"
"TETCVUS","1958","13","Not Available","4","Energy Expenditures","Million Nominal Dollars"
"TETCVUS","1959","13","Not Available","4","Energy Expenditures","Million Nominal Dollars"
"TETCVUS","1960","13","Not Available","4","Energy Expenditures","Million Nominal Dollars"
"TETCVUS","1961","13","Not Available","4","Energy Expenditures","Million Nominal Dollars"
"TETCVUS","1962","13","Not Available","4","Energy Expenditures","Million Nominal Dollars"
"TETCVUS","1963","13","Not Available","4","Energy Expenditures","Million Nominal Dollars"
"TETCVUS","1964","13","Not Available","4","Energy Expenditures","Million Nominal Dollars"
"TETCVUS","1965","13","Not Available","4","Energy Expenditures","Million Nominal Dollars"
"TETCVUS","1966","13","Not Available","4","Energy Expenditures","Million Nominal Dollars"
"TETCVUS","1967","13","Not Available","4","Energy Expenditures","Million Nominal Dollars"
"TETCVUS","1968","13","Not Available","4","Energy Expenditures","Million Nominal Dollars"
"TETCVUS","1969","13","Not Available","4","Energy Expenditures","Million Nominal Dollars"
"TETCVUS","1970","13","82874.77","4","Energy Expenditures","Million Nominal Dollars"
"TETCVUS","1971","13","90037.83","4","Energy Expenditures","Million Nominal Dollars"
"TETCVUS","1972","13","98070.23","4","Energy Expenditures","Million Nominal Dollars"
"TETCVUS","1973","13","111894.17","4","Energy Expenditures","Million Nominal Dollars"
"TETCVUS","1974","13","153369.01","4","Energy Expenditures","Million Nominal Dollars"
"TETCVUS","1975","13","171853.74","4","Energy Expenditures","Million Nominal Dollars"
"TETCVUS","1976","13","193915.85","4","Energy Expenditures","Million Nominal Dollars"
"TETCVUS","1977","13","220499.07","4","Energy Expenditures","Million Nominal Dollars"
"TETCVUS","1978","13","239280.18","4","Energy Expenditures","Million Nominal Dollars"
"TETCVUS","1979","13","297574.63","4","Energy Expenditures","Million Nominal Dollars"
"TETCVUS","1980","13","374350.01","4","Energy Expenditures","Million Nominal Dollars"
"TETCVUS","1981","13","427901.18","4","Energy Expenditures","Million Nominal Dollars"
"TETCVUS","1982","13","426482.04","4","Energy Expenditures","Million Nominal Dollars"
"TETCVUS","1983","13","417621.52","4","Energy Expenditures","Million Nominal Dollars"
"TETCVUS","1984","13","435312.89","4","Energy Expenditures","Million Nominal Dollars"
"TETCVUS","1985","13","438343.15","4","Energy Expenditures","Million Nominal Dollars"
"TETCVUS","1986","13","384090.9","4","Energy Expenditures","Million Nominal Dollars"
"TETCVUS","1987","13","397626.64","4","Energy Expenditures","Million Nominal Dollars"
"TETCVUS","1988","13","411568.41","4","Energy Expenditures","Million Nominal Dollars"
"TETCVUS","1989","13","439051.27","4","Energy Expenditures","Million Nominal Dollars"
"TETCVUS","1990","13","474652.2","4","Energy Expenditures","Million Nominal Dollars"
"TETCVUS","1991","13","472439.63","4","Energy Expenditures","Million Nominal Dollars"
"TETCVUS","1992","13","476844.99","4","Energy Expenditures","Million Nominal Dollars"
"TETCVUS","1993","13","492274.6","4","Energy Expenditures","Million Nominal Dollars"
"TETCVUS","1994","13","504856.36","4","Energy Expenditures","Million Nominal Dollars"
"TETCVUS","1995","13","514623.52","4","Energy Expenditures","Million Nominal Dollars"
"TETCVUS","1996","13","560292.89","4","Energy Expenditures","Million Nominal Dollars"
"TETCVUS","1997","13","567961.81","4","Energy Expenditures","Million Nominal Dollars"
"TETCVUS","1998","13","526282.64","4","Energy Expenditures","Million Nominal Dollars"
"TETCVUS","1999","13","558626.72","4","Energy Expenditures","Million Nominal Dollars"
"TETCVUS","2000","13","687710.87","4","Energy Expenditures","Million Nominal Dollars"
"TETCVUS","2001","13","696242.14","4","Energy Expenditures","Million Nominal Dollars"
"TETCVUS","2002","13","663964.43","4","Energy Expenditures","Million Nominal Dollars"
"TETCVUS","2003","13","755070.34","4","Energy Expenditures","Million Nominal Dollars"
"TETCVUS","2004","13","871210.24","4","Energy Expenditures","Million Nominal Dollars"
"TETCVUS","2005","13","1045730.36","4","Energy Expenditures","Million Nominal Dollars"
"TETCVUS","2006","13","1158820.58","4","Energy Expenditures","Million Nominal Dollars"
"TETCVUS","2007","13","1233868.68","4","Energy Expenditures","Million Nominal Dollars"
"TETCVUS","2008","13","1408759.34","4","Energy Expenditures","Million Nominal Dollars"
"TETCVUS","2009","13","1066528.44","4","Energy Expenditures","Million Nominal Dollars"
"TETCVUS","2010","13","1214276.95","4","Energy Expenditures","Million Nominal Dollars"
"TETCVUS","2011","13","1392467.45","4","Energy Expenditures","Million Nominal Dollars"
"TETCVUS","2012","13","1355173.98","4","Energy Expenditures","Million Nominal Dollars"
"TETCVUS","2013","13","1376398.1","4","Energy Expenditures","Million Nominal Dollars"
"TETCVUS","2014","13","1395422.32","4","Energy Expenditures","Million Nominal Dollars"
"TETCVUS","2015","13","1128437.1","4","Energy Expenditures","Million Nominal Dollars"
"TETCVUS","2016","13","1038870.48","4","Energy Expenditures","Million Nominal Dollars"
"TETCVUS","2017","13","1136364.67","4","Energy Expenditures","Million Nominal Dollars"
"TETCVUS","2018","13","1271812.2","4","Energy Expenditures","Million Nominal Dollars"
"TETCVUS","2019","13","1223861.91","4","Energy Expenditures","Million Nominal Dollars"
"TETCVUS","2020","13","1007432.62","4","Energy Expenditures","Million Nominal Dollars"
"TETCVUS","2021","13","Not Available","4","Energy Expenditures","Million Nominal Dollars"
"TETCHUS","1949","13","Not Available","5","Energy Expenditures per Capita","Nominal Dollars"
"TETCHUS","1950","13","Not Available","5","Energy Expenditures per Capita","Nominal Dollars"
"TETCHUS","1951","13","Not Available","5","Energy Expenditures per Capita","Nominal Dollars"
"TETCHUS","1952","13","Not Available","5","Energy Expenditures per Capita","Nominal Dollars"
"TETCHUS","1953","13","Not Available","5","Energy Expenditures per Capita","Nominal Dollars"
"TETCHUS","1954","13","Not Available","5","Energy Expenditures per Capita","Nominal Dollars"
"TETCHUS","1955","13","Not Available","5","Energy Expenditures per Capita","Nominal Dollars"
"TETCHUS","1956","13","Not Available","5","Energy Expenditures per Capita","Nominal Dollars"
"TETCHUS","1957","13","Not Available","5","Energy Expenditures per Capita","Nominal Dollars"
"TETCHUS","1958","13","Not Available","5","Energy Expenditures per Capita","Nominal Dollars"
"TETCHUS","1959","13","Not Available","5","Energy Expenditures per Capita","Nominal Dollars"
"TETCHUS","1960","13","Not Available","5","Energy Expenditures per Capita","Nominal Dollars"
"TETCHUS","1961","13","Not Available","5","Energy Expenditures per Capita","Nominal Dollars"
"TETCHUS","1962","13","Not Available","5","Energy Expenditures per Capita","Nominal Dollars"
"TETCHUS","1963","13","Not Available","5","Energy Expenditures per Capita","Nominal Dollars"
"TETCHUS","1964","13","Not Available","5","Energy Expenditures per Capita","Nominal Dollars"
"TETCHUS","1965","13","Not Available","5","Energy Expenditures per Capita","Nominal Dollars"
"TETCHUS","1966","13","Not Available","5","Energy Expenditures per Capita","Nominal Dollars"
"TETCHUS","1967","13","Not Available","5","Energy Expenditures per Capita","Nominal Dollars"
"TETCHUS","1968","13","Not Available","5","Energy Expenditures per Capita","Nominal Dollars"
"TETCHUS","1969","13","Not Available","5","Energy Expenditures per Capita","Nominal Dollars"
"TETCHUS","1970","13","404","5","Energy Expenditures per Capita","Nominal Dollars"
"TETCHUS","1971","13","434","5","Energy Expenditures per Capita","Nominal Dollars"
"TETCHUS","1972","13","467","5","Energy Expenditures per Capita","Nominal Dollars"
"TETCHUS","1973","13","528","5","Energy Expenditures per Capita","Nominal Dollars"
"TETCHUS","1974","13","717","5","Energy Expenditures per Capita","Nominal Dollars"
"TETCHUS","1975","13","796","5","Energy Expenditures per Capita","Nominal Dollars"
"TETCHUS","1976","13","889","5","Energy Expenditures per Capita","Nominal Dollars"
"TETCHUS","1977","13","1001","5","Energy Expenditures per Capita","Nominal Dollars"
"TETCHUS","1978","13","1075","5","Energy Expenditures per Capita","Nominal Dollars"
"TETCHUS","1979","13","1322","5","Energy Expenditures per Capita","Nominal Dollars"
"TETCHUS","1980","13","1647","5","Energy Expenditures per Capita","Nominal Dollars"
"TETCHUS","1981","13","1865","5","Energy Expenditures per Capita","Nominal Dollars"
"TETCHUS","1982","13","1841","5","Energy Expenditures per Capita","Nominal Dollars"
"TETCHUS","1983","13","1786","5","Energy Expenditures per Capita","Nominal Dollars"
"TETCHUS","1984","13","1846","5","Energy Expenditures per Capita","Nominal Dollars"
"TETCHUS","1985","13","1842","5","Energy Expenditures per Capita","Nominal Dollars"
"TETCHUS","1986","13","1599","5","Energy Expenditures per Capita","Nominal Dollars"
"TETCHUS","1987","13","1641","5","Energy Expenditures per Capita","Nominal Dollars"
"TETCHUS","1988","13","1683","5","Energy Expenditures per Capita","Nominal Dollars"
"TETCHUS","1989","13","1779","5","Energy Expenditures per Capita","Nominal Dollars"
"TETCHUS","1990","13","1901","5","Energy Expenditures per Capita","Nominal Dollars"
"TETCHUS","1991","13","1867","5","Energy Expenditures per Capita","Nominal Dollars"
"TETCHUS","1992","13","1859","5","Energy Expenditures per Capita","Nominal Dollars"
"TETCHUS","1993","13","1894","5","Energy Expenditures per Capita","Nominal Dollars"
"TETCHUS","1994","13","1919","5","Energy Expenditures per Capita","Nominal Dollars"
"TETCHUS","1995","13","1933","5","Energy Expenditures per Capita","Nominal Dollars"
"TETCHUS","1996","13","2080","5","Energy Expenditures per Capita","Nominal Dollars"
"TETCHUS","1997","13","2083","5","Energy Expenditures per Capita","Nominal Dollars"
"TETCHUS","1998","13","1908","5","Energy Expenditures per Capita","Nominal Dollars"
"TETCHUS","1999","13","2002","5","Energy Expenditures per Capita","Nominal Dollars"
"TETCHUS","2000","13","2437","5","Energy Expenditures per Capita","Nominal Dollars"
"TETCHUS","2001","13","2443","5","Energy Expenditures per Capita","Nominal Dollars"
"TETCHUS","2002","13","2308","5","Energy Expenditures per Capita","Nominal Dollars"
"TETCHUS","2003","13","2603","5","Energy Expenditures per Capita","Nominal Dollars"
"TETCHUS","2004","13","2975","5","Energy Expenditures per Capita","Nominal Dollars"
"TETCHUS","2005","13","3539","5","Energy Expenditures per Capita","Nominal Dollars"
"TETCHUS","2006","13","3884","5","Energy Expenditures per Capita","Nominal Dollars"
"TETCHUS","2007","13","4096","5","Energy Expenditures per Capita","Nominal Dollars"
"TETCHUS","2008","13","4633","5","Energy Expenditures per Capita","Nominal Dollars"
"TETCHUS","2009","13","3477","5","Energy Expenditures per Capita","Nominal Dollars"
"TETCHUS","2010","13","3926","5","Energy Expenditures per Capita","Nominal Dollars"
"TETCHUS","2011","13","4469","5","Energy Expenditures per Capita","Nominal Dollars"
"TETCHUS","2012","13","4318","5","Energy Expenditures per Capita","Nominal Dollars"
"TETCHUS","2013","13","4356","5","Energy Expenditures per Capita","Nominal Dollars"
"TETCHUS","2014","13","4384","5","Energy Expenditures per Capita","Nominal Dollars"
"TETCHUS","2015","13","3519","5","Energy Expenditures per Capita","Nominal Dollars"
"TETCHUS","2016","13","3217","5","Energy Expenditures per Capita","Nominal Dollars"
"TETCHUS","2017","13","3497","5","Energy Expenditures per Capita","Nominal Dollars"
"TETCHUS","2018","13","3893","5","Energy Expenditures per Capita","Nominal Dollars"
"TETCHUS","2019","13","3729","5","Energy Expenditures per Capita","Nominal Dollars"
"TETCHUS","2020","13","3039","5","Energy Expenditures per Capita","Nominal Dollars"
"TETCHUS","2021","13","Not Available","5","Energy Expenditures per Capita","Nominal Dollars"
"TEGDSUS","1949","13","Not Available","6","Energy Expenditures as Share of GDP","Percent"
"TEGDSUS","1950","13","Not Available","6","Energy Expenditures as Share of GDP","Percent"
"TEGDSUS","1951","13","Not Available","6","Energy Expenditures as Share of GDP","Percent"
"TEGDSUS","1952","13","Not Available","6","Energy Expenditures as Share of GDP","Percent"
"TEGDSUS","1953","13","Not Available","6","Energy Expenditures as Share of GDP","Percent"
"TEGDSUS","1954","13","Not Available","6","Energy Expenditures as Share of GDP","Percent"
"TEGDSUS","1955","13","Not Available","6","Energy Expenditures as Share of GDP","Percent"
"TEGDSUS","1956","13","Not Available","6","Energy Expenditures as Share of GDP","Percent"
"TEGDSUS","1957","13","Not Available","6","Energy Expenditures as Share of GDP","Percent"
"TEGDSUS","1958","13","Not Available","6","Energy Expenditures as Share of GDP","Percent"
"TEGDSUS","1959","13","Not Available","6","Energy Expenditures as Share of GDP","Percent"
"TEGDSUS","1960","13","Not Available","6","Energy Expenditures as Share of GDP","Percent"
"TEGDSUS","1961","13","Not Available","6","Energy Expenditures as Share of GDP","Percent"
"TEGDSUS","1962","13","Not Available","6","Energy Expenditures as Share of GDP","Percent"
"TEGDSUS","1963","13","Not Available","6","Energy Expenditures as Share of GDP","Percent"
"TEGDSUS","1964","13","Not Available","6","Energy Expenditures as Share of GDP","Percent"
"TEGDSUS","1965","13","Not Available","6","Energy Expenditures as Share of GDP","Percent"
"TEGDSUS","1966","13","Not Available","6","Energy Expenditures as Share of GDP","Percent"
"TEGDSUS","1967","13","Not Available","6","Energy Expenditures as Share of GDP","Percent"
"TEGDSUS","1968","13","Not Available","6","Energy Expenditures as Share of GDP","Percent"
"TEGDSUS","1969","13","Not Available","6","Energy Expenditures as Share of GDP","Percent"
"TEGDSUS","1970","13","7.7","6","Energy Expenditures as Share of GDP","Percent"
"TEGDSUS","1971","13","7.7","6","Energy Expenditures as Share of GDP","Percent"
"TEGDSUS","1972","13","7.7","6","Energy Expenditures as Share of GDP","Percent"
"TEGDSUS","1973","13","7.9","6","Energy Expenditures as Share of GDP","Percent"
"TEGDSUS","1974","13","9.9","6","Energy Expenditures as Share of GDP","Percent"
"TEGDSUS","1975","13","10.2","6","Energy Expenditures as Share of GDP","Percent"
"TEGDSUS","1976","13","10.4","6","Energy Expenditures as Share of GDP","Percent"
"TEGDSUS","1977","13","10.6","6","Energy Expenditures as Share of GDP","Percent"
"TEGDSUS","1978","13","10.2","6","Energy Expenditures as Share of GDP","Percent"
"TEGDSUS","1979","13","11.3","6","Energy Expenditures as Share of GDP","Percent"
"TEGDSUS","1980","13","13.1","6","Energy Expenditures as Share of GDP","Percent"
"TEGDSUS","1981","13","13.3","6","Energy Expenditures as Share of GDP","Percent"
"TEGDSUS","1982","13","12.8","6","Energy Expenditures as Share of GDP","Percent"
"TEGDSUS","1983","13","11.5","6","Energy Expenditures as Share of GDP","Percent"
"TEGDSUS","1984","13","10.8","6","Energy Expenditures as Share of GDP","Percent"
"TEGDSUS","1985","13","10.1","6","Energy Expenditures as Share of GDP","Percent"
"TEGDSUS","1986","13","8.4","6","Energy Expenditures as Share of GDP","Percent"
"TEGDSUS","1987","13","8.2","6","Energy Expenditures as Share of GDP","Percent"
"TEGDSUS","1988","13","7.9","6","Energy Expenditures as Share of GDP","Percent"
"TEGDSUS","1989","13","7.8","6","Energy Expenditures as Share of GDP","Percent"
"TEGDSUS","1990","13","8","6","Energy Expenditures as Share of GDP","Percent"
"TEGDSUS","1991","13","7.7","6","Energy Expenditures as Share of GDP","Percent"
"TEGDSUS","1992","13","7.3","6","Energy Expenditures as Share of GDP","Percent"
"TEGDSUS","1993","13","7.2","6","Energy Expenditures as Share of GDP","Percent"
"TEGDSUS","1994","13","6.9","6","Energy Expenditures as Share of GDP","Percent"
"TEGDSUS","1995","13","6.7","6","Energy Expenditures as Share of GDP","Percent"
"TEGDSUS","1996","13","6.9","6","Energy Expenditures as Share of GDP","Percent"
"TEGDSUS","1997","13","6.6","6","Energy Expenditures as Share of GDP","Percent"
"TEGDSUS","1998","13","5.8","6","Energy Expenditures as Share of GDP","Percent"
"TEGDSUS","1999","13","5.8","6","Energy Expenditures as Share of GDP","Percent"
"TEGDSUS","2000","13","6.7","6","Energy Expenditures as Share of GDP","Percent"
"TEGDSUS","2001","13","6.6","6","Energy Expenditures as Share of GDP","Percent"
"TEGDSUS","2002","13","6.1","6","Energy Expenditures as Share of GDP","Percent"
"TEGDSUS","2003","13","6.6","6","Energy Expenditures as Share of GDP","Percent"
"TEGDSUS","2004","13","7.1","6","Energy Expenditures as Share of GDP","Percent"
"TEGDSUS","2005","13","8","6","Energy Expenditures as Share of GDP","Percent"
"TEGDSUS","2006","13","8.4","6","Energy Expenditures as Share of GDP","Percent"
"TEGDSUS","2007","13","8.5","6","Energy Expenditures as Share of GDP","Percent"
"TEGDSUS","2008","13","9.5","6","Energy Expenditures as Share of GDP","Percent"
"TEGDSUS","2009","13","7.4","6","Energy Expenditures as Share of GDP","Percent"
"TEGDSUS","2010","13","8.1","6","Energy Expenditures as Share of GDP","Percent"
"TEGDSUS","2011","13","8.9","6","Energy Expenditures as Share of GDP","Percent"
"TEGDSUS","2012","13","8.3","6","Energy Expenditures as Share of GDP","Percent"
"TEGDSUS","2013","13","8.2","6","Energy Expenditures as Share of GDP","Percent"
"TEGDSUS","2014","13","8","6","Energy Expenditures as Share of GDP","Percent"
"TEGDSUS","2015","13","6.2","6","Energy Expenditures as Share of GDP","Percent"
"TEGDSUS","2016","13","5.6","6","Energy Expenditures as Share of GDP","Percent"
"TEGDSUS","2017","13","5.8","6","Energy Expenditures as Share of GDP","Percent"
"TEGDSUS","2018","13","6.2","6","Energy Expenditures as Share of GDP","Percent"
"TEGDSUS","2019","13","5.7","6","Energy Expenditures as Share of GDP","Percent"
"TEGDSUS","2020","13","4.8","6","Energy Expenditures as Share of GDP","Percent"
"TEGDSUS","2021","13","Not Available","6","Energy Expenditures as Share of GDP","Percent"
"TEGOSUS","1949","13","Not Available","7","Energy Expenditures as Share of Gross Output","Percent"
"TEGOSUS","1950","13","Not Available","7","Energy Expenditures as Share of Gross Output","Percent"
"TEGOSUS","1951","13","Not Available","7","Energy Expenditures as Share of Gross Output","Percent"
"TEGOSUS","1952","13","Not Available","7","Energy Expenditures as Share of Gross Output","Percent"
"TEGOSUS","1953","13","Not Available","7","Energy Expenditures as Share of Gross Output","Percent"
"TEGOSUS","1954","13","Not Available","7","Energy Expenditures as Share of Gross Output","Percent"
"TEGOSUS","1955","13","Not Available","7","Energy Expenditures as Share of Gross Output","Percent"
"TEGOSUS","1956","13","Not Available","7","Energy Expenditures as Share of Gross Output","Percent"
"TEGOSUS","1957","13","Not Available","7","Energy Expenditures as Share of Gross Output","Percent"
"TEGOSUS","1958","13","Not Available","7","Energy Expenditures as Share of Gross Output","Percent"
"TEGOSUS","1959","13","Not Available","7","Energy Expenditures as Share of Gross Output","Percent"
"TEGOSUS","1960","13","Not Available","7","Energy Expenditures as Share of Gross Output","Percent"
"TEGOSUS","1961","13","Not Available","7","Energy Expenditures as Share of Gross Output","Percent"
"TEGOSUS","1962","13","Not Available","7","Energy Expenditures as Share of Gross Output","Percent"
"TEGOSUS","1963","13","Not Available","7","Energy Expenditures as Share of Gross Output","Percent"
"TEGOSUS","1964","13","Not Available","7","Energy Expenditures as Share of Gross Output","Percent"
"TEGOSUS","1965","13","Not Available","7","Energy Expenditures as Share of Gross Output","Percent"
"TEGOSUS","1966","13","Not Available","7","Energy Expenditures as Share of Gross Output","Percent"
"TEGOSUS","1967","13","Not Available","7","Energy Expenditures as Share of Gross Output","Percent"
"TEGOSUS","1968","13","Not Available","7","Energy Expenditures as Share of Gross Output","Percent"
"TEGOSUS","1969","13","Not Available","7","Energy Expenditures as Share of Gross Output","Percent"
"TEGOSUS","1970","13","4.4","7","Energy Expenditures as Share of Gross Output","Percent"
"TEGOSUS","1971","13","4.4","7","Energy Expenditures as Share of Gross Output","Percent"
"TEGOSUS","1972","13","4.3","7","Energy Expenditures as Share of Gross Output","Percent"
"TEGOSUS","1973","13","4.4","7","Energy Expenditures as Share of Gross Output","Percent"
"TEGOSUS","1974","13","5.3","7","Energy Expenditures as Share of Gross Output","Percent"
"TEGOSUS","1975","13","5.6","7","Energy Expenditures as Share of Gross Output","Percent"
"TEGOSUS","1976","13","5.6","7","Energy Expenditures as Share of Gross Output","Percent"
"TEGOSUS","1977","13","5.7","7","Energy Expenditures as Share of Gross Output","Percent"
"TEGOSUS","1978","13","5.5","7","Energy Expenditures as Share of Gross Output","Percent"
"TEGOSUS","1979","13","6","7","Energy Expenditures as Share of Gross Output","Percent"
"TEGOSUS","1980","13","6.9","7","Energy Expenditures as Share of Gross Output","Percent"
"TEGOSUS","1981","13","7.1","7","Energy Expenditures as Share of Gross Output","Percent"
"TEGOSUS","1982","13","6.9","7","Energy Expenditures as Share of Gross Output","Percent"
"TEGOSUS","1983","13","6.3","7","Energy Expenditures as Share of Gross Output","Percent"
"TEGOSUS","1984","13","6","7","Energy Expenditures as Share of Gross Output","Percent"
"TEGOSUS","1985","13","5.6","7","Energy Expenditures as Share of Gross Output","Percent"
"TEGOSUS","1986","13","4.8","7","Energy Expenditures as Share of Gross Output","Percent"
"TEGOSUS","1987","13","4.6","7","Energy Expenditures as Share of Gross Output","Percent"
"TEGOSUS","1988","13","4.4","7","Energy Expenditures as Share of Gross Output","Percent"
"TEGOSUS","1989","13","4.4","7","Energy Expenditures as Share of Gross Output","Percent"
"TEGOSUS","1990","13","4.5","7","Energy Expenditures as Share of Gross Output","Percent"
"TEGOSUS","1991","13","4.4","7","Energy Expenditures as Share of Gross Output","Percent"
"TEGOSUS","1992","13","4.2","7","Energy Expenditures as Share of Gross Output","Percent"
"TEGOSUS","1993","13","4.1","7","Energy Expenditures as Share of Gross Output","Percent"
"TEGOSUS","1994","13","3.9","7","Energy Expenditures as Share of Gross Output","Percent"
"TEGOSUS","1995","13","3.8","7","Energy Expenditures as Share of Gross Output","Percent"
"TEGOSUS","1996","13","3.9","7","Energy Expenditures as Share of Gross Output","Percent"
"TEGOSUS","1997","13","3.7","7","Energy Expenditures as Share of Gross Output","Percent"
"TEGOSUS","1998","13","3.2","7","Energy Expenditures as Share of Gross Output","Percent"
"TEGOSUS","1999","13","3.2","7","Energy Expenditures as Share of Gross Output","Percent"
"TEGOSUS","2000","13","3.7","7","Energy Expenditures as Share of Gross Output","Percent"
"TEGOSUS","2001","13","3.7","7","Energy Expenditures as Share of Gross Output","Percent"
"TEGOSUS","2002","13","3.5","7","Energy Expenditures as Share of Gross Output","Percent"
"TEGOSUS","2003","13","3.7","7","Energy Expenditures as Share of Gross Output","Percent"
"TEGOSUS","2004","13","4","7","Energy Expenditures as Share of Gross Output","Percent"
"TEGOSUS","2005","13","4.4","7","Energy Expenditures as Share of Gross Output","Percent"
"TEGOSUS","2006","13","4.6","7","Energy Expenditures as Share of Gross Output","Percent"
"TEGOSUS","2007","13","4.7","7","Energy Expenditures as Share of Gross Output","Percent"
"TEGOSUS","2008","13","5.2","7","Energy Expenditures as Share of Gross Output","Percent"
"TEGOSUS","2009","13","4.3","7","Energy Expenditures as Share of Gross Output","Percent"
"TEGOSUS","2010","13","4.6","7","Energy Expenditures as Share of Gross Output","Percent"
"TEGOSUS","2011","13","5","7","Energy Expenditures as Share of Gross Output","Percent"
"TEGOSUS","2012","13","4.6","7","Energy Expenditures as Share of Gross Output","Percent"
"TEGOSUS","2013","13","4.5","7","Energy Expenditures as Share of Gross Output","Percent"
"TEGOSUS","2014","13","4.4","7","Energy Expenditures as Share of Gross Output","Percent"
"TEGOSUS","2015","13","3.5","7","Energy Expenditures as Share of Gross Output","Percent"
"TEGOSUS","2016","13","3.2","7","Energy Expenditures as Share of Gross Output","Percent"
"TEGOSUS","2017","13","3.3","7","Energy Expenditures as Share of Gross Output","Percent"
"TEGOSUS","2018","13","3.5","7","Energy Expenditures as Share of Gross Output","Percent"
"TEGOSUS","2019","13","3.3","7","Energy Expenditures as Share of Gross Output","Percent"
"TEGOSUS","2020","13","2.8","7","Energy Expenditures as Share of Gross Output","Percent"
"TEGOSUS","2021","13","Not Available","7","Energy Expenditures as Share of Gross Output","Percent"
"TETCEUS","1949","13","2206.691","8","Total Energy CO2 Emissions","Million Metric Tons Carbon Dioxide"
"TETCEUS","1950","13","2382.046","8","Total Energy CO2 Emissions","Million Metric Tons Carbon Dioxide"
"TETCEUS","1951","13","2526.687","8","Total Energy CO2 Emissions","Million Metric Tons Carbon Dioxide"
"TETCEUS","1952","13","2473.374","8","Total Energy CO2 Emissions","Million Metric Tons Carbon Dioxide"
"TETCEUS","1953","13","2536.893","8","Total Energy CO2 Emissions","Million Metric Tons Carbon Dioxide"
"TETCEUS","1954","13","2422.253","8","Total Energy CO2 Emissions","Million Metric Tons Carbon Dioxide"
"TETCEUS","1955","13","2684.786","8","Total Energy CO2 Emissions","Million Metric Tons Carbon Dioxide"
"TETCEUS","1956","13","2777.043","8","Total Energy CO2 Emissions","Million Metric Tons Carbon Dioxide"
"TETCEUS","1957","13","2756.562","8","Total Energy CO2 Emissions","Million Metric Tons Carbon Dioxide"
"TETCEUS","1958","13","2703.189","8","Total Energy CO2 Emissions","Million Metric Tons Carbon Dioxide"
"TETCEUS","1959","13","2807.171","8","Total Energy CO2 Emissions","Million Metric Tons Carbon Dioxide"
"TETCEUS","1960","13","2914.009","8","Total Energy CO2 Emissions","Million Metric Tons Carbon Dioxide"
"TETCEUS","1961","13","2942.791","8","Total Energy CO2 Emissions","Million Metric Tons Carbon Dioxide"
"TETCEUS","1962","13","3064.923","8","Total Energy CO2 Emissions","Million Metric Tons Carbon Dioxide"
"TETCEUS","1963","13","3184.517","8","Total Energy CO2 Emissions","Million Metric Tons Carbon Dioxide"
"TETCEUS","1964","13","3316.753","8","Total Energy CO2 Emissions","Million Metric Tons Carbon Dioxide"
"TETCEUS","1965","13","3461.741","8","Total Energy CO2 Emissions","Million Metric Tons Carbon Dioxide"
"TETCEUS","1966","13","3654.179","8","Total Energy CO2 Emissions","Million Metric Tons Carbon Dioxide"
"TETCEUS","1967","13","3749.382","8","Total Energy CO2 Emissions","Million Metric Tons Carbon Dioxide"
"TETCEUS","1968","13","3964.523","8","Total Energy CO2 Emissions","Million Metric Tons Carbon Dioxide"
"TETCEUS","1969","13","4134.687","8","Total Energy CO2 Emissions","Million Metric Tons Carbon Dioxide"
"TETCEUS","1970","13","4261.308","8","Total Energy CO2 Emissions","Million Metric Tons Carbon Dioxide"
"TETCEUS","1971","13","4311.927","8","Total Energy CO2 Emissions","Million Metric Tons Carbon Dioxide"
"TETCEUS","1972","13","4532.008","8","Total Energy CO2 Emissions","Million Metric Tons Carbon Dioxide"
"TETCEUS","1973","13","4720.862","8","Total Energy CO2 Emissions","Million Metric Tons Carbon Dioxide"
"TETCEUS","1974","13","4560.963","8","Total Energy CO2 Emissions","Million Metric Tons Carbon Dioxide"
"TETCEUS","1975","13","4427.888","8","Total Energy CO2 Emissions","Million Metric Tons Carbon Dioxide"
"TETCEUS","1976","13","4694.557","8","Total Energy CO2 Emissions","Million Metric Tons Carbon Dioxide"
"TETCEUS","1977","13","4835.09","8","Total Energy CO2 Emissions","Million Metric Tons Carbon Dioxide"
"TETCEUS","1978","13","4884.052","8","Total Energy CO2 Emissions","Million Metric Tons Carbon Dioxide"
"TETCEUS","1979","13","4949.835","8","Total Energy CO2 Emissions","Million Metric Tons Carbon Dioxide"
"TETCEUS","1980","13","4756.292","8","Total Energy CO2 Emissions","Million Metric Tons Carbon Dioxide"
"TETCEUS","1981","13","4636.632","8","Total Energy CO2 Emissions","Million Metric Tons Carbon Dioxide"
"TETCEUS","1982","13","4404.436","8","Total Energy CO2 Emissions","Million Metric Tons Carbon Dioxide"
"TETCEUS","1983","13","4383.943","8","Total Energy CO2 Emissions","Million Metric Tons Carbon Dioxide"
"TETCEUS","1984","13","4612.874","8","Total Energy CO2 Emissions","Million Metric Tons Carbon Dioxide"
"TETCEUS","1985","13","4605.356","8","Total Energy CO2 Emissions","Million Metric Tons Carbon Dioxide"
"TETCEUS","1986","13","4615.664","8","Total Energy CO2 Emissions","Million Metric Tons Carbon Dioxide"
"TETCEUS","1987","13","4775.554","8","Total Energy CO2 Emissions","Million Metric Tons Carbon Dioxide"
"TETCEUS","1988","13","4998.215","8","Total Energy CO2 Emissions","Million Metric Tons Carbon Dioxide"
"TETCEUS","1989","13","5084.562","8","Total Energy CO2 Emissions","Million Metric Tons Carbon Dioxide"
"TETCEUS","1990","13","5037.901","8","Total Energy CO2 Emissions","Million Metric Tons Carbon Dioxide"
"TETCEUS","1991","13","4992.689","8","Total Energy CO2 Emissions","Million Metric Tons Carbon Dioxide"
"TETCEUS","1992","13","5093.885","8","Total Energy CO2 Emissions","Million Metric Tons Carbon Dioxide"
"TETCEUS","1993","13","5185.525","8","Total Energy CO2 Emissions","Million Metric Tons Carbon Dioxide"
"TETCEUS","1994","13","5262.669","8","Total Energy CO2 Emissions","Million Metric Tons Carbon Dioxide"
"TETCEUS","1995","13","5324.317","8","Total Energy CO2 Emissions","Million Metric Tons Carbon Dioxide"
"TETCEUS","1996","13","5518.035","8","Total Energy CO2 Emissions","Million Metric Tons Carbon Dioxide"
"TETCEUS","1997","13","5589.327","8","Total Energy CO2 Emissions","Million Metric Tons Carbon Dioxide"
"TETCEUS","1998","13","5636.739","8","Total Energy CO2 Emissions","Million Metric Tons Carbon Dioxide"
"TETCEUS","1999","13","5700.259","8","Total Energy CO2 Emissions","Million Metric Tons Carbon Dioxide"
"TETCEUS","2000","13","5888.598","8","Total Energy CO2 Emissions","Million Metric Tons Carbon Dioxide"
"TETCEUS","2001","13","5777.794","8","Total Energy CO2 Emissions","Million Metric Tons Carbon Dioxide"
"TETCEUS","2002","13","5820.033","8","Total Energy CO2 Emissions","Million Metric Tons Carbon Dioxide"
"TETCEUS","2003","13","5886.423","8","Total Energy CO2 Emissions","Million Metric Tons Carbon Dioxide"
"TETCEUS","2004","13","5993.727","8","Total Energy CO2 Emissions","Million Metric Tons Carbon Dioxide"
"TETCEUS","2005","13","6007.001","8","Total Energy CO2 Emissions","Million Metric Tons Carbon Dioxide"
"TETCEUS","2006","13","5929.337","8","Total Energy CO2 Emissions","Million Metric Tons Carbon Dioxide"
"TETCEUS","2007","13","6015.545","8","Total Energy CO2 Emissions","Million Metric Tons Carbon Dioxide"
"TETCEUS","2008","13","5823.134","8","Total Energy CO2 Emissions","Million Metric Tons Carbon Dioxide"
"TETCEUS","2009","13","5403.672","8","Total Energy CO2 Emissions","Million Metric Tons Carbon Dioxide"
"TETCEUS","2010","13","5593.56","8","Total Energy CO2 Emissions","Million Metric Tons Carbon Dioxide"
"TETCEUS","2011","13","5454.599","8","Total Energy CO2 Emissions","Million Metric Tons Carbon Dioxide"
"TETCEUS","2012","13","5236.219","8","Total Energy CO2 Emissions","Million Metric Tons Carbon Dioxide"
"TETCEUS","2013","13","5358.79","8","Total Energy CO2 Emissions","Million Metric Tons Carbon Dioxide"
"TETCEUS","2014","13","5413.841","8","Total Energy CO2 Emissions","Million Metric Tons Carbon Dioxide"
"TETCEUS","2015","13","5262.067","8","Total Energy CO2 Emissions","Million Metric Tons Carbon Dioxide"
"TETCEUS","2016","13","5168.939","8","Total Energy CO2 Emissions","Million Metric Tons Carbon Dioxide"
"TETCEUS","2017","13","5131.445","8","Total Energy CO2 Emissions","Million Metric Tons Carbon Dioxide"
"TETCEUS","2018","13","5277.806","8","Total Energy CO2 Emissions","Million Metric Tons Carbon Dioxide"
"TETCEUS","2019","13","5146.899","8","Total Energy CO2 Emissions","Million Metric Tons Carbon Dioxide"
"TETCEUS","2020","13","4579.851","8","Total Energy CO2 Emissions","Million Metric Tons Carbon Dioxide"
"TETCEUS","2021","13","4904.41","8","Total Energy CO2 Emissions","Million Metric Tons Carbon Dioxide"
"CDTPRUS","1949","13","14.8","9","Total Energy CO2 Emissions per Capita","Metric Tons Carbon Dioxide"
"CDTPRUS","1950","13","15.6","9","Total Energy CO2 Emissions per Capita","Metric Tons Carbon Dioxide"
"CDTPRUS","1951","13","16.3","9","Total Energy CO2 Emissions per Capita","Metric Tons Carbon Dioxide"
"CDTPRUS","1952","13","15.7","9","Total Energy CO2 Emissions per Capita","Metric Tons Carbon Dioxide"
"CDTPRUS","1953","13","15.8","9","Total Energy CO2 Emissions per Capita","Metric Tons Carbon Dioxide"
"CDTPRUS","1954","13","14.9","9","Total Energy CO2 Emissions per Capita","Metric Tons Carbon Dioxide"
"CDTPRUS","1955","13","16.2","9","Total Energy CO2 Emissions per Capita","Metric Tons Carbon Dioxide"
"CDTPRUS","1956","13","16.4","9","Total Energy CO2 Emissions per Capita","Metric Tons Carbon Dioxide"
"CDTPRUS","1957","13","16","9","Total Energy CO2 Emissions per Capita","Metric Tons Carbon Dioxide"
"CDTPRUS","1958","13","15.5","9","Total Energy CO2 Emissions per Capita","Metric Tons Carbon Dioxide"
"CDTPRUS","1959","13","15.8","9","Total Energy CO2 Emissions per Capita","Metric Tons Carbon Dioxide"
"CDTPRUS","1960","13","16.1","9","Total Energy CO2 Emissions per Capita","Metric Tons Carbon Dioxide"
"CDTPRUS","1961","13","16","9","Total Energy CO2 Emissions per Capita","Metric Tons Carbon Dioxide"
"CDTPRUS","1962","13","16.4","9","Total Energy CO2 Emissions per Capita","Metric Tons Carbon Dioxide"
"CDTPRUS","1963","13","16.8","9","Total Energy CO2 Emissions per Capita","Metric Tons Carbon Dioxide"
"CDTPRUS","1964","13","17.3","9","Total Energy CO2 Emissions per Capita","Metric Tons Carbon Dioxide"
"CDTPRUS","1965","13","17.8","9","Total Energy CO2 Emissions per Capita","Metric Tons Carbon Dioxide"
"CDTPRUS","1966","13","18.6","9","Total Energy CO2 Emissions per Capita","Metric Tons Carbon Dioxide"
"CDTPRUS","1967","13","18.9","9","Total Energy CO2 Emissions per Capita","Metric Tons Carbon Dioxide"
"CDTPRUS","1968","13","19.8","9","Total Energy CO2 Emissions per Capita","Metric Tons Carbon Dioxide"
"CDTPRUS","1969","13","20.4","9","Total Energy CO2 Emissions per Capita","Metric Tons Carbon Dioxide"
"CDTPRUS","1970","13","20.8","9","Total Energy CO2 Emissions per Capita","Metric Tons Carbon Dioxide"
"CDTPRUS","1971","13","20.8","9","Total Energy CO2 Emissions per Capita","Metric Tons Carbon Dioxide"
"CDTPRUS","1972","13","21.6","9","Total Energy CO2 Emissions per Capita","Metric Tons Carbon Dioxide"
"CDTPRUS","1973","13","22.3","9","Total Energy CO2 Emissions per Capita","Metric Tons Carbon Dioxide"
"CDTPRUS","1974","13","21.3","9","Total Energy CO2 Emissions per Capita","Metric Tons Carbon Dioxide"
"CDTPRUS","1975","13","20.5","9","Total Energy CO2 Emissions per Capita","Metric Tons Carbon Dioxide"
"CDTPRUS","1976","13","21.5","9","Total Energy CO2 Emissions per Capita","Metric Tons Carbon Dioxide"
"CDTPRUS","1977","13","22","9","Total Energy CO2 Emissions per Capita","Metric Tons Carbon Dioxide"
"CDTPRUS","1978","13","21.9","9","Total Energy CO2 Emissions per Capita","Metric Tons Carbon Dioxide"
"CDTPRUS","1979","13","22","9","Total Energy CO2 Emissions per Capita","Metric Tons Carbon Dioxide"
"CDTPRUS","1980","13","20.9","9","Total Energy CO2 Emissions per Capita","Metric Tons Carbon Dioxide"
"CDTPRUS","1981","13","20.2","9","Total Energy CO2 Emissions per Capita","Metric Tons Carbon Dioxide"
"CDTPRUS","1982","13","19","9","Total Energy CO2 Emissions per Capita","Metric Tons Carbon Dioxide"
"CDTPRUS","1983","13","18.8","9","Total Energy CO2 Emissions per Capita","Metric Tons Carbon Dioxide"
"CDTPRUS","1984","13","19.6","9","Total Energy CO2 Emissions per Capita","Metric Tons Carbon Dioxide"
"CDTPRUS","1985","13","19.4","9","Total Energy CO2 Emissions per Capita","Metric Tons Carbon Dioxide"
"CDTPRUS","1986","13","19.2","9","Total Energy CO2 Emissions per Capita","Metric Tons Carbon Dioxide"
"CDTPRUS","1987","13","19.7","9","Total Energy CO2 Emissions per Capita","Metric Tons Carbon Dioxide"
"CDTPRUS","1988","13","20.4","9","Total Energy CO2 Emissions per Capita","Metric Tons Carbon Dioxide"
"CDTPRUS","1989","13","20.6","9","Total Energy CO2 Emissions per Capita","Metric Tons Carbon Dioxide"
"CDTPRUS","1990","13","20.2","9","Total Energy CO2 Emissions per Capita","Metric Tons Carbon Dioxide"
"CDTPRUS","1991","13","19.7","9","Total Energy CO2 Emissions per Capita","Metric Tons Carbon Dioxide"
"CDTPRUS","1992","13","19.9","9","Total Energy CO2 Emissions per Capita","Metric Tons Carbon Dioxide"
"CDTPRUS","1993","13","20","9","Total Energy CO2 Emissions per Capita","Metric Tons Carbon Dioxide"
"CDTPRUS","1994","13","20","9","Total Energy CO2 Emissions per Capita","Metric Tons Carbon Dioxide"
"CDTPRUS","1995","13","20","9","Total Energy CO2 Emissions per Capita","Metric Tons Carbon Dioxide"
"CDTPRUS","1996","13","20.5","9","Total Energy CO2 Emissions per Capita","Metric Tons Carbon Dioxide"
"CDTPRUS","1997","13","20.5","9","Total Energy CO2 Emissions per Capita","Metric Tons Carbon Dioxide"
"CDTPRUS","1998","13","20.4","9","Total Energy CO2 Emissions per Capita","Metric Tons Carbon Dioxide"
"CDTPRUS","1999","13","20.4","9","Total Energy CO2 Emissions per Capita","Metric Tons Carbon Dioxide"
"CDTPRUS","2000","13","20.9","9","Total Energy CO2 Emissions per Capita","Metric Tons Carbon Dioxide"
"CDTPRUS","2001","13","20.3","9","Total Energy CO2 Emissions per Capita","Metric Tons Carbon Dioxide"
"CDTPRUS","2002","13","20.2","9","Total Energy CO2 Emissions per Capita","Metric Tons Carbon Dioxide"
"CDTPRUS","2003","13","20.3","9","Total Energy CO2 Emissions per Capita","Metric Tons Carbon Dioxide"
"CDTPRUS","2004","13","20.5","9","Total Energy CO2 Emissions per Capita","Metric Tons Carbon Dioxide"
"CDTPRUS","2005","13","20.3","9","Total Energy CO2 Emissions per Capita","Metric Tons Carbon Dioxide"
"CDTPRUS","2006","13","19.9","9","Total Energy CO2 Emissions per Capita","Metric Tons Carbon Dioxide"
"CDTPRUS","2007","13","20","9","Total Energy CO2 Emissions per Capita","Metric Tons Carbon Dioxide"
"CDTPRUS","2008","13","19.1","9","Total Energy CO2 Emissions per Capita","Metric Tons Carbon Dioxide"
"CDTPRUS","2009","13","17.6","9","Total Energy CO2 Emissions per Capita","Metric Tons Carbon Dioxide"
"CDTPRUS","2010","13","18.1","9","Total Energy CO2 Emissions per Capita","Metric Tons Carbon Dioxide"
"CDTPRUS","2011","13","17.5","9","Total Energy CO2 Emissions per Capita","Metric Tons Carbon Dioxide"
"CDTPRUS","2012","13","16.7","9","Total Energy CO2 Emissions per Capita","Metric Tons Carbon Dioxide"
"CDTPRUS","2013","13","17","9","Total Energy CO2 Emissions per Capita","Metric Tons Carbon Dioxide"
"CDTPRUS","2014","13","17","9","Total Energy CO2 Emissions per Capita","Metric Tons Carbon Dioxide"
"CDTPRUS","2015","13","16.4","9","Total Energy CO2 Emissions per Capita","Metric Tons Carbon Dioxide"
"CDTPRUS","2016","13","16","9","Total Energy CO2 Emissions per Capita","Metric Tons Carbon Dioxide"
"CDTPRUS","2017","13","15.8","9","Total Energy CO2 Emissions per Capita","Metric Tons Carbon Dioxide"
"CDTPRUS","2018","13","16.2","9","Total Energy CO2 Emissions per Capita","Metric Tons Carbon Dioxide"
"CDTPRUS","2019","13","15.7","9","Total Energy CO2 Emissions per Capita","Metric Tons Carbon Dioxide"
"CDTPRUS","2020","13","13.8","9","Total Energy CO2 Emissions per Capita","Metric Tons Carbon Dioxide"
"CDTPRUS","2021","13","14.8","9","Total Energy CO2 Emissions per Capita","Metric Tons Carbon Dioxide"
"CDEGRUS","1949","13","1047","10","Total Energy CO2 Emissions per Real Dollar of GDP","Metric Tons Carbon Dioxide per Million Chained (2012) Dollars"
"CDEGRUS","1950","13","1040","10","Total Energy CO2 Emissions per Real Dollar of GDP","Metric Tons Carbon Dioxide per Million Chained (2012) Dollars"
"CDEGRUS","1951","13","1021","10","Total Energy CO2 Emissions per Real Dollar of GDP","Metric Tons Carbon Dioxide per Million Chained (2012) Dollars"
"CDEGRUS","1952","13","960","10","Total Energy CO2 Emissions per Real Dollar of GDP","Metric Tons Carbon Dioxide per Million Chained (2012) Dollars"
"CDEGRUS","1953","13","940","10","Total Energy CO2 Emissions per Real Dollar of GDP","Metric Tons Carbon Dioxide per Million Chained (2012) Dollars"
"CDEGRUS","1954","13","903","10","Total Energy CO2 Emissions per Real Dollar of GDP","Metric Tons Carbon Dioxide per Million Chained (2012) Dollars"
"CDEGRUS","1955","13","934","10","Total Energy CO2 Emissions per Real Dollar of GDP","Metric Tons Carbon Dioxide per Million Chained (2012) Dollars"
"CDEGRUS","1956","13","946","10","Total Energy CO2 Emissions per Real Dollar of GDP","Metric Tons Carbon Dioxide per Million Chained (2012) Dollars"
"CDEGRUS","1957","13","920","10","Total Energy CO2 Emissions per Real Dollar of GDP","Metric Tons Carbon Dioxide per Million Chained (2012) Dollars"
"CDEGRUS","1958","13","909","10","Total Energy CO2 Emissions per Real Dollar of GDP","Metric Tons Carbon Dioxide per Million Chained (2012) Dollars"
"CDEGRUS","1959","13","883","10","Total Energy CO2 Emissions per Real Dollar of GDP","Metric Tons Carbon Dioxide per Million Chained (2012) Dollars"
"CDEGRUS","1960","13","893","10","Total Energy CO2 Emissions per Real Dollar of GDP","Metric Tons Carbon Dioxide per Million Chained (2012) Dollars"
"CDEGRUS","1961","13","880","10","Total Energy CO2 Emissions per Real Dollar of GDP","Metric Tons Carbon Dioxide per Million Chained (2012) Dollars"
"CDEGRUS","1962","13","863","10","Total Energy CO2 Emissions per Real Dollar of GDP","Metric Tons Carbon Dioxide per Million Chained (2012) Dollars"
"CDEGRUS","1963","13","859","10","Total Energy CO2 Emissions per Real Dollar of GDP","Metric Tons Carbon Dioxide per Million Chained (2012) Dollars"
"CDEGRUS","1964","13","846","10","Total Energy CO2 Emissions per Real Dollar of GDP","Metric Tons Carbon Dioxide per Million Chained (2012) Dollars"
"CDEGRUS","1965","13","829","10","Total Energy CO2 Emissions per Real Dollar of GDP","Metric Tons Carbon Dioxide per Million Chained (2012) Dollars"
"CDEGRUS","1966","13","821","10","Total Energy CO2 Emissions per Real Dollar of GDP","Metric Tons Carbon Dioxide per Million Chained (2012) Dollars"
"CDEGRUS","1967","13","820","10","Total Energy CO2 Emissions per Real Dollar of GDP","Metric Tons Carbon Dioxide per Million Chained (2012) Dollars"
"CDEGRUS","1968","13","827","10","Total Energy CO2 Emissions per Real Dollar of GDP","Metric Tons Carbon Dioxide per Million Chained (2012) Dollars"
"CDEGRUS","1969","13","836","10","Total Energy CO2 Emissions per Real Dollar of GDP","Metric Tons Carbon Dioxide per Million Chained (2012) Dollars"
"CDEGRUS","1970","13","860","10","Total Energy CO2 Emissions per Real Dollar of GDP","Metric Tons Carbon Dioxide per Million Chained (2012) Dollars"
"CDEGRUS","1971","13","843","10","Total Energy CO2 Emissions per Real Dollar of GDP","Metric Tons Carbon Dioxide per Million Chained (2012) Dollars"
"CDEGRUS","1972","13","841","10","Total Energy CO2 Emissions per Real Dollar of GDP","Metric Tons Carbon Dioxide per Million Chained (2012) Dollars"
"CDEGRUS","1973","13","830","10","Total Energy CO2 Emissions per Real Dollar of GDP","Metric Tons Carbon Dioxide per Million Chained (2012) Dollars"
"CDEGRUS","1974","13","806","10","Total Energy CO2 Emissions per Real Dollar of GDP","Metric Tons Carbon Dioxide per Million Chained (2012) Dollars"
"CDEGRUS","1975","13","784","10","Total Energy CO2 Emissions per Real Dollar of GDP","Metric Tons Carbon Dioxide per Million Chained (2012) Dollars"
"CDEGRUS","1976","13","789","10","Total Energy CO2 Emissions per Real Dollar of GDP","Metric Tons Carbon Dioxide per Million Chained (2012) Dollars"
"CDEGRUS","1977","13","776","10","Total Energy CO2 Emissions per Real Dollar of GDP","Metric Tons Carbon Dioxide per Million Chained (2012) Dollars"
"CDEGRUS","1978","13","743","10","Total Energy CO2 Emissions per Real Dollar of GDP","Metric Tons Carbon Dioxide per Million Chained (2012) Dollars"
"CDEGRUS","1979","13","730","10","Total Energy CO2 Emissions per Real Dollar of GDP","Metric Tons Carbon Dioxide per Million Chained (2012) Dollars"
"CDEGRUS","1980","13","703","10","Total Energy CO2 Emissions per Real Dollar of GDP","Metric Tons Carbon Dioxide per Million Chained (2012) Dollars"
"CDEGRUS","1981","13","669","10","Total Energy CO2 Emissions per Real Dollar of GDP","Metric Tons Carbon Dioxide per Million Chained (2012) Dollars"
"CDEGRUS","1982","13","647","10","Total Energy CO2 Emissions per Real Dollar of GDP","Metric Tons Carbon Dioxide per Million Chained (2012) Dollars"
"CDEGRUS","1983","13","616","10","Total Energy CO2 Emissions per Real Dollar of GDP","Metric Tons Carbon Dioxide per Million Chained (2012) Dollars"
"CDEGRUS","1984","13","604","10","Total Energy CO2 Emissions per Real Dollar of GDP","Metric Tons Carbon Dioxide per Million Chained (2012) Dollars"
"CDEGRUS","1985","13","579","10","Total Energy CO2 Emissions per Real Dollar of GDP","Metric Tons Carbon Dioxide per Million Chained (2012) Dollars"
"CDEGRUS","1986","13","561","10","Total Energy CO2 Emissions per Real Dollar of GDP","Metric Tons Carbon Dioxide per Million Chained (2012) Dollars"
"CDEGRUS","1987","13","561","10","Total Energy CO2 Emissions per Real Dollar of GDP","Metric Tons Carbon Dioxide per Million Chained (2012) Dollars"
"CDEGRUS","1988","13","563","10","Total Energy CO2 Emissions per Real Dollar of GDP","Metric Tons Carbon Dioxide per Million Chained (2012) Dollars"
"CDEGRUS","1989","13","553","10","Total Energy CO2 Emissions per Real Dollar of GDP","Metric Tons Carbon Dioxide per Million Chained (2012) Dollars"
"CDEGRUS","1990","13","538","10","Total Energy CO2 Emissions per Real Dollar of GDP","Metric Tons Carbon Dioxide per Million Chained (2012) Dollars"
"CDEGRUS","1991","13","533","10","Total Energy CO2 Emissions per Real Dollar of GDP","Metric Tons Carbon Dioxide per Million Chained (2012) Dollars"
"CDEGRUS","1992","13","526","10","Total Energy CO2 Emissions per Real Dollar of GDP","Metric Tons Carbon Dioxide per Million Chained (2012) Dollars"
"CDEGRUS","1993","13","521","10","Total Energy CO2 Emissions per Real Dollar of GDP","Metric Tons Carbon Dioxide per Million Chained (2012) Dollars"
"CDEGRUS","1994","13","508","10","Total Energy CO2 Emissions per Real Dollar of GDP","Metric Tons Carbon Dioxide per Million Chained (2012) Dollars"
"CDEGRUS","1995","13","501","10","Total Energy CO2 Emissions per Real Dollar of GDP","Metric Tons Carbon Dioxide per Million Chained (2012) Dollars"
"CDEGRUS","1996","13","500","10","Total Energy CO2 Emissions per Real Dollar of GDP","Metric Tons Carbon Dioxide per Million Chained (2012) Dollars"
"CDEGRUS","1997","13","485","10","Total Energy CO2 Emissions per Real Dollar of GDP","Metric Tons Carbon Dioxide per Million Chained (2012) Dollars"
"CDEGRUS","1998","13","468","10","Total Energy CO2 Emissions per Real Dollar of GDP","Metric Tons Carbon Dioxide per Million Chained (2012) Dollars"
"CDEGRUS","1999","13","452","10","Total Energy CO2 Emissions per Real Dollar of GDP","Metric Tons Carbon Dioxide per Million Chained (2012) Dollars"
"CDEGRUS","2000","13","448","10","Total Energy CO2 Emissions per Real Dollar of GDP","Metric Tons Carbon Dioxide per Million Chained (2012) Dollars"
"CDEGRUS","2001","13","436","10","Total Energy CO2 Emissions per Real Dollar of GDP","Metric Tons Carbon Dioxide per Million Chained (2012) Dollars"
"CDEGRUS","2002","13","431","10","Total Energy CO2 Emissions per Real Dollar of GDP","Metric Tons Carbon Dioxide per Million Chained (2012) Dollars"
"CDEGRUS","2003","13","425","10","Total Energy CO2 Emissions per Real Dollar of GDP","Metric Tons Carbon Dioxide per Million Chained (2012) Dollars"
"CDEGRUS","2004","13","416","10","Total Energy CO2 Emissions per Real Dollar of GDP","Metric Tons Carbon Dioxide per Million Chained (2012) Dollars"
"CDEGRUS","2005","13","403","10","Total Energy CO2 Emissions per Real Dollar of GDP","Metric Tons Carbon Dioxide per Million Chained (2012) Dollars"
"CDEGRUS","2006","13","387","10","Total Energy CO2 Emissions per Real Dollar of GDP","Metric Tons Carbon Dioxide per Million Chained (2012) Dollars"
"CDEGRUS","2007","13","385","10","Total Energy CO2 Emissions per Real Dollar of GDP","Metric Tons Carbon Dioxide per Million Chained (2012) Dollars"
"CDEGRUS","2008","13","372","10","Total Energy CO2 Emissions per Real Dollar of GDP","Metric Tons Carbon Dioxide per Million Chained (2012) Dollars"
"CDEGRUS","2009","13","355","10","Total Energy CO2 Emissions per Real Dollar of GDP","Metric Tons Carbon Dioxide per Million Chained (2012) Dollars"
"CDEGRUS","2010","13","357","10","Total Energy CO2 Emissions per Real Dollar of GDP","Metric Tons Carbon Dioxide per Million Chained (2012) Dollars"
"CDEGRUS","2011","13","343","10","Total Energy CO2 Emissions per Real Dollar of GDP","Metric Tons Carbon Dioxide per Million Chained (2012) Dollars"
"CDEGRUS","2012","13","322","10","Total Energy CO2 Emissions per Real Dollar of GDP","Metric Tons Carbon Dioxide per Million Chained (2012) Dollars"
"CDEGRUS","2013","13","324","10","Total Energy CO2 Emissions per Real Dollar of GDP","Metric Tons Carbon Dioxide per Million Chained (2012) Dollars"
"CDEGRUS","2014","13","320","10","Total Energy CO2 Emissions per Real Dollar of GDP","Metric Tons Carbon Dioxide per Million Chained (2012) Dollars"
"CDEGRUS","2015","13","303","10","Total Energy CO2 Emissions per Real Dollar of GDP","Metric Tons Carbon Dioxide per Million Chained (2012) Dollars"
"CDEGRUS","2016","13","292","10","Total Energy CO2 Emissions per Real Dollar of GDP","Metric Tons Carbon Dioxide per Million Chained (2012) Dollars"
"CDEGRUS","2017","13","284","10","Total Energy CO2 Emissions per Real Dollar of GDP","Metric Tons Carbon Dioxide per Million Chained (2012) Dollars"
"CDEGRUS","2018","13","284","10","Total Energy CO2 Emissions per Real Dollar of GDP","Metric Tons Carbon Dioxide per Million Chained (2012) Dollars"
"CDEGRUS","2019","13","270","10","Total Energy CO2 Emissions per Real Dollar of GDP","Metric Tons Carbon Dioxide per Million Chained (2012) Dollars"
"CDEGRUS","2020","13","249","10","Total Energy CO2 Emissions per Real Dollar of GDP","Metric Tons Carbon Dioxide per Million Chained (2012) Dollars"
"CDEGRUS","2021","13","252","10","Total Energy CO2 Emissions per Real Dollar of GDP","Metric Tons Carbon Dioxide per Million Chained (2012) Dollars"
